Address,Tag
0xd082239e2592dd3ae19727fc25783f0ad0bf69a7,0
0xfd6702e5fa24b75a660c53b2cbd8bbccf96966aa,0
0xef8801eaf234ff82801821ffe2d78d60a0237f97,0
0x0c3de458b51a11da7d4616f42f66c861e3859d3e,0
0xfe3725bd7993a2162d53815317aed372b7a64ee0,0
0x9507c04b10486547584c37bcbd931b2a4fee9a41,0
0xb618aacb9dcdc21ca69d310a6fc04674d293a193,0
0xc1fc217148447970a85a706fddfda9e0be6956bb,0
0xe592427a0aece92de3edee1f18e0157c05861564,0
0x0b89d01217ec971bbf3c2c840440b9f5193999ed,0
0x58b6a8a3302369daec383334672404ee733ab239,0
0xa0c68c638235ee32657e8f720a23cec1bfc77c77,0
0xfb75cc6dae46cf4df51a8adb384c02ecea81d784,0
0xb56f39ebd380752f981d22a44db978a1965fe2ad,0
0xdbd324b73f6f85bf9013b75c442021303b635ff9,0
0xf7dfec2878b8fd45d7eb862825a613b3f25e2e63,0
0xb5b3f3f443fe3c1a42b6507ae211df69ac40c8d9,0
0x7bd4905af33db8fe7165db16419113004e40c319,0
0xc6942a92e05f66cf91409e39e8df1c1ce4e3f206,0
0xb5c7276ce7101dc625275a8720502bb77fc77ace,0
0xac6e5158dc837c5fe6c4089621d1920fe801f1f9,0
0xa5e5bd896853a50a4339ed964273fefcc8ef4335,0
0xab586cc2638a282c422afdec88d205733f460393,0
0x266694a4ec348e29b9831dd3ae9a0b8e1540847d,0
0xa1a11eff1e334ad74e5324d9c1e228d03ce30986,0
0xa6c0f7bde119930fb919ed02f8155887ecf0d756,0
0xf80b98ed063320d25d2fc6004df0fac60932d4d6,0
0x94b0fb0c386311f0dd7f47947bb29b9921dbd878,0
0xe15b101931fa072d38efb2ff75253488bd136af0,0
0xc1b634853cb333d3ad8663715b08f41a3aec47cc,0
0xf4014dc85b4a47d25551af37ef26260b963f4257,0
0xeb2629a2734e272bcc07bda959863f316f4bd4cf,0
0x75160f5cc50f57e16d6d18336c44c331f03794a2,0
0x66e2c3d7cce634f8bb6b24095e2378c103a8211e,0
0x73bce791c239c8010cd3c857d96580037ccdd0ee,0
0xf60c2ea62edbfe808163751dd0d8693dcb30019c,0
0x439f11027a56fb7b37f66e42b0b0381b26490ed0,0
0xe3b84b1ee48b20dfbcf225febc8c284736ceb794,0
0x2c1812fb2904f2247c659eb994cf0f4d70ac2503,0
0x4a347d1d36c7a5be7d2e59e1e34af373be96e6bd,0
0xb131d8b120736b65ee36e9386c8add779550b347,0
0x3f0ad72cf1a82aaeaf586ad2ad4d9a7ffa72fdb6,0
0x0fc8ac39bc38d77399477db0b50516ffe794beef,0
0xb4ae3174ee70b4aa0b31e2faa0add5050496ca28,0
0xe976615e1ade359dc6a18a5b3654c2c7f31a3513,0
0xf42ebee4ef894cdc6c629308002fcd7e2fbe1bdf,0
0xba3decb80f5b224287b4d633afe78e9cdf092522,0
0xf5c80c305803280b587f8cabbccdc4d9bf522abd,0
0x316a38fefa3ccf4da2ba164323f341ffda18aa63,0
0x14c4017f81675f7ac1321218d4a385a2d3117328,0
0x32400084c286cf3e17e7b677ea9583e60a000324,0
0x2e5a919c8f4b637ab4b7b96ec193a4b2981a4b37,0
0xa43dd621dcc6980e2df95880ecc4b5a92064716f,0
0x367ea7869fcbcc7bbff59fe3814f8e145a6b48b3,0
0x1a1be49f6d42f9cba0db5501a70f5381360d7349,0
0x9430801ebaf509ad49202aabc5f5bc6fd8a3daf8,0
0x7625f09757202c4ba71ed808f0b4ed4b9dbbe0ef,0
0xdead9f6d2208b6da3db0e5cdec8814a098d44199,0
0xf89d7b9c864f589bbf53a82105107622b35eaa40,0
0x778424d6633cbbc3e28f95f0ed0d4aab2359d7ee,0
0x15d4c048f83bd7e37d49ea4c83a07267ec4203da,0
0x63fb0c8017ea01ebb7b5c25fa7df250f9c7dd947,0
0x082cfc02e0e681510c42eb5281d99b8934c7241f,0
0xa595732ad0c848c07bf2b7c408b573aaa8bdbf62,0
0x9518200d922c2ea437ca419088565f85f9d9f450,0
0x9333c7ac2238df8020054efd721a210a4a49462b,0
0xa9b10d7c4548f4edc24834e0a4f75cb7b54d56a4,1
0x85a746e00f75071b4b271bcba005fd78e429688f,0
0x1a1d859503c6aef1fe2e74043ee9ee161f605417,0
0xaeec494024e12691bc255a1cfb18de4858465c6a,0
0xe3d0b92545d833100c20085d16fa3225d014bee8,0
0xf2193dcc46503a764d839cfbc529d01fcc65dd42,0
0x54b35bb1b2adfa27a32ca6896841cd3a90227d06,0
0x3a07c3e675b43a6a1d883f8a1ab0bc86cfe6b921,0
0x4976a4a02f38326660d17bf34b431dc6e2eb2327,0
0x5954ab967bc958940b7eb73ee84797dc8a2afbb9,0
0x3cf5ec55ec96f649a05c3a380d8a2b972a04abff,0
0x87bab91b691a5e808042569c3199357a12c505d9,0
0x6b3595068778dd592e39a122f4f5a5cf09c90fe2,0
0xdfd5293d8e347dfe59e90efd55b2956a1343963d,0
0x28dc84189d655af8d87aeb09027bb848b6666cf4,0
0x837001dedd6afae170b676363620c331fcffc0e5,0
0x380cf7f5c9c3c258dcb302241281aebdaf65c1bb,0
0x27848f8f0dc56cf3d246b8b443774c5bb01f0e51,0
0x193f65e898d60a4c3d89f8aef11ba35d1bda4e47,0
0x6b5b2dcc64f80f53cd038b3aabf38d2e39117f7d,0
0xcc4bd194e16f15ab6fbc328f785ccdb43cb2b4ca,0
0x908f2371c6814c948e7eaeeec553219ce2e9ff40,0
0xd115bc76d59598f91944600ab36b77b2ecb3e765,0
0x6ea7dec667eb2c4038cff2fdb001bb1bd7f0d5e6,0
0x34cc4661c5a369fbb6309ef6e96104cc9865e12d,0
0x7ecccabb5e4ff4537f70b0a5018e8c0cfd53fff4,0
0x3ab62bafacbb8030cca852924b41ad3af7919a41,0
0xd7ced3d5d4bb5b769770f4f184df625f285d16dd,0
0x7314f48b229909b088f6c73353a5ab1dbb00385f,0
0x7f39c581f595b53c5cb19bd0b3f8da6c935e2ca0,0
0x3343c09ef758374d1053e9af948fb2118da153ef,0
0x7d1afa7b718fb893db30a3abc0cfc608aacfebb0,0
0x7bb759a0e728c7fcf151803e17a32f53b8bca538,0
0x6767526a362ec6c6b1df185478e4f01506b73ff3,0
0xe4f4f7259eaee8b8024363865e94dca8c0e9014c,0
0x26352d20e6a05e04a1ecc75d4a43ae9989272621,0
0xae02316679f1e58319924c3bc10ccba9350950cd,0
0x61b7b515c1ec603cf21463bcac992b60fd610ca9,0
0x6c6436fe8a9a7a20586188d165bcb1cb8f466666,0
0x35ca26a7a7f3ca98f3e60bd94c139c892e45b6c3,0
0x7a358d0b802bb2b793d1c731d01c1116de1e9a28,0
0x60a391bb25a9e359ec383bd4bb555e89dcc38b35,0
0x5111a967b4e1a2598ca152d9aee008a2f1dec321,0
0xd5d94d49b5b3cd3827ec4e1567d9198b0b2a7a84,0
0x0295ca94bbef2b3664baf20ab0a8a6a49ce9700a,0
0xca5f458d9ba5f40b95437b20d8143b909e3ff0fa,0
0xd4307e0acd12cf46fd6cf93bc264f5d5d1598792,0
0x8e0b21d5647ad4eeede0510fff1829161bb167c3,0
0xee04856882c51de7830fec390665a05647f5876c,0
0x1c479675ad559dc151f6ec7ed3fbf8cee79582b6,0
0x7c38882159322c01e1ebb09a0b01f73fdd29229b,0
0xcbafd5e42582f9992bfc0a3fbd71a6d6765b108e,0
0xfe3e899360728ee9af711b3536fa5aeba0105150,0
0xd1e733ed59019fbb843ac5d02a2ed6b53b99eba5,0
0x9db4d0e039948a626b5a6f652669de442c2e3515,0
0x231d3559aa848bf10366fb9868590f01d34bf240,0
0xfc9da28545ddcadcdcdb2ae16c4705de68cb6570,0
0xfe1a51bd34cab8f48a8f0f00a8df77195eed4bf0,0
0x881d40237659c251811cec9c364ef91dc08d300c,0
0x7275a343dae44518aff56b44ec8c35904e208997,0
0x9a43ddd1070bfcf9caca146d7ab46120bdfa1d23,0
0x60e7d5005d93088e89cb91c188102cf40dce22c6,0
0xabfda4bac2094cdb4181cec57589ab48df094145,0
0x79760e2c4ad89ed4d8de14eb617a156a048a1eda,0
0x55eeaa27c9ce98ed460a03a3c4f93c7b77f28327,0
0xeb1632d11147d75f1eb9d9a7e94919468f119bcf,0
0x7d4a5fc88683e20bf9c48cf51b85412c9ade83e2,0
0x4e5b2e1dc63f6b91cb6cd759936495434c7e972f,0
0x120051a72966950b8ce12eb5496b5d1eeec1541b,0
0xbc694281ae200d2c4d156e343a22b1ae20a67c27,0
0xb956f69f019f0d1956dc6545b4a97acbdce3807c,0
0xdcc4b9b0bf2bdeaeed3a48ee1e2877aaaf337a70,0
0x34cffc7cece5d57879fee497d5a1a75a050d0eed,0
0x00000000000001ad428e4906ae43d8f9852d0dd6,0
0x1e38c39074133e47a94e913f61cf94ad5ec49b91,0
0xc36442b4a4522e871399cd717abdd847ab11fe88,0
0xf70c086618dcf2b1a461311275e00d6b722ef914,0
0xc36cf0cfcb5d905b8b513860db0cfe63f6cf9f5c,0
0x932261f9fc8da46c4a22e31b45c4de60623848bf,0
0xd64bb5efdfa47a52a580588d4dc1873e8d67606c,0
0xea2fb38a1f104d418b5362516acebfd02adacbf0,0
0xc4afd7f927ff1fc16bcdcabd4b094304905a2b4a,0
0x8792fd862976ebcd1a47eb77cf4059e20342f223,0
0x1421bd58eec1a7b3d3275a874a80cb6b0e0a0bbe,0
0xfbddadd80fe7bda00b901fbaf73803f2238ae655,0
0xb34571fe7d557cf4c37ea850b1bc4f6c626c37e7,0
0x19f494583c7c933be7b0ee58104ddafac1e8adfa,0
0xbc0ca83bccfb992778be211b6ae0eb8cba80a81d,0
0x844bec088a815810e7866f2a4ebd99b050b09567,0
0xebc5bc4e35cf850a0fcfce28af270b35a8fd3c47,0
0x3f1cb1180f7c1cce27098c7b61a6787a84faf529,0
0x5e4e65926ba27467555eb562121fac00d24e9dd2,0
0x63f88a2298a5c4aee3c216aa6d926b184a4b2437,0
0xc241b2a44cae0c3f46eec1d34e73056363af4ebb,0
0x9b27c5eca62201c0347c85b5a5c3cd4b4e395a02,0
0xa33ed06a9002787ef8e232765fe2eb50ac2668af,0
0x08278dbbe3d23b2dedfa2a020a9bd66b00ba68e8,0
0x5a282e7c6452cd987f6487bafabadb26bbf6a0ee,0
0x154421b5abfd5fc12b16715e91d564aa47c8ddee,0
0xc2228f92471fb2f352083b0440292576c8b8c2ad,0
0x496c3893e8c51ddb09386ef2a5e35cc959363717,0
0xddb3422497e61e13543bea06989c0789117555c5,0
0x92b7ce02e5bf75653b30dc852b7f2861fbfa802a,0
0x613a983742564500c31384b987fd06fa689bf060,0
0xd3be379382abfb88d5dfd02999b94d9188170431,0
0x9813037ee2218799597d83d4a5b6f3b6778218d9,0
0xb5588c411ba0bb7d38865fdc51d082d004e519f7,0
0xe0908650b09e6f432bd186c966921080ecfafc2b,0
0xae0ee0a63a2ce6baeeffe56e7714fb4efe48d419,0
0x4cf28a4db1a28405421452903e17b1941ff738fe,0
0xb40bd8615a2b9292687b5735db242e7953deba01,0
0x388c818ca8b9251b393131c08a736a67ccb19297,0
0xb3f923eabaf178fc1bd8e13902fc5c61d3ddef5b,0
0x0054cd2d1632c6640207974e5801daa8ab95f843,0
0x4b8a339be06ff31752a806995b72e76e93dd9106,0
0xe163a16eb94ab40ac727065893cbf5e3c1f18530,0
0xdfb164646b25b49a6ad2634d5fa4f0515fdc6042,0
0xd2fdfb3aae284f9f7308c596aa2eb6dc8af599ee,0
0xef682b1d0835df1f971d5d1f4565e9f6c121f706,0
0xbfe41fd6d78f015ccafafecd64767f8c120f39e8,0
0xd3f36df83e976672707485bd735e5baf1f11806a,0
0x38a7826a128af56963713e224640495a3b4fc5fc,0
0x9663016a82429d16ab6a385063cc8f098a30c9ea,0
0x4a5bba54b308124a3fd5eaab50822a749a0d6416,0
0x339d413ccefd986b1b3647a9cfa9cbbe70a30749,0
0xa08e45fdd6934757bc32ea97e3d1ca3bdd6ae47d,0
0xf16e9b0d03470827a95cdfd0cb8a8a3b46969b91,0
0x0e4706d7a4fe7d9cc939df9e3ad37419243a49ff,0
0x2c4c153e56973992f99535dfa8ec3b0d08c874ce,1
0x6404c514e223fa31b2b45f1e90171377afb6c05e,0
0x60bb9de0c04557b18c1088895fea8633780fc741,0
0xa346a7d12bc9713d7920a36e557dde7059b14038,0
0xa981c12dec093cc09ae46fb9713317e23bde9857,0
0x7581871e1c11f85ec7f02382632b8574fad11b22,0
0x1111111254eeb25477b68fb85ed929f73a960582,0
0xc3ce5497f8dca2481e4fa8fd71c42bea9158c6b4,0
0x8682b20823c056c2570c2cfa67c48f0eaa32fd4e,0
0x1992b2486782a617b5393b0830dd256e8154bb02,0
0xad1126279d11a4b5863e8dbc621ed9eef4bf4e4d,0
0x38f183eef3de8cb1b01c44835fe631c74731f043,0
0x73f9b272abda7a97cb1b237d85f9a7236edb6f16,0
0xc7f181f89c0681ddbb8f357d3f2c3cf1a42d75ee,0
0x2350912658e5ec1e813595fff99af834dd761e03,0
0x4de4a2e71cdc97731ce9b65d2705daf1821d563c,0
0xd6327ce1fb9d6020e8c2c0e124a1ec23dcab7536,0
0x88a8b5a1007fef027d1bf837d3fe3717df529c7b,0
0xa4a5c3591abbfed86ea1ed80495d7e27ef05200a,0
0x21a31ee1afc51d94c2efccaa2092ad1028285549,0
0x188a2a0c632a32595fc9e08fe356872f59bfc5c8,0
0xb64ef51c888972c908cfacf59b47c1afbc0ab8ac,0
0xe64c78e20c698a149fc49ecee52708ef9c20ba55,0
0x4cf1e7cca005b466d3ddf33a1e19ee27fd0868a0,0
0xa299c04eb002e667bcb6c0d38a024eb5022a5e1a,0
0x26e2c45c32a67a81e28ecdee3bbf903ae920e48a,0
0x5734d5c7a707cb4fd4567622078347ef15b52f86,0
0x4e326a260158678893715d14d8549d38a2f720f6,0
0x3f9d60f34ffadd5d2b8d645281341e735833716b,0
0x91aae0aafd9d2d730111b395c6871f248d7bd728,0
0xa0e8a5707504aa2f5567ca107cf17eac902e9b0b,0
0x8c2ed0393fe685e552f5197087445b0820daece5,0
0xbdd103440723d68060b44b9676296645a0d39389,0
0x851a87433c94c7e025f4c309b6197c10c676ec16,0
0x0db437d8be6e6483095a690f4b7c120e0676d351,0
0xe41e59b5ed5e5540014d830969c027115ca8fccb,0
0xcee132fee59b77259755d7a1e094727f69ddc5e2,0
0x2d84081ec42bce4c84d734463ae56f9d32483074,0
0x89e51fa8ca5d66cd220baed62ed01e8951aa7c40,0
0x88395ac8f7b1afbfb3741c38987de49a602ec460,0
0x000000000000ad05ccc4f10045630fb830b95127,0
0x55e5a7deb9c24d70588cf9307bd91716061986e3,0
0x20335c79cf9ec08f52c477c6eb52cb272405b31b,0
0xb75403a51b0566bf1fdfc821fee9633271cf81a0,0
0x093da413e6d92992d92711605cf2157b446e4a35,0
0x4349212b42b9395f6e0657a26d478aab69f70000,0
0x7e86c00d438d3aede93e9e50049bafb6888a5c6b,0
0x6dfc34609a05bc22319fa4cce1d1e2929548c0d7,0
0x182b723a58739a9c974cfdb385ceadb237453c28,0
0x3d3042ec8b1871ebdfc5552e5bce7a63f6d7ce9c,0
0x3e26eece0f868ab54962989edf44517270a1332a,0
0x7e67d09ea72dee191c5d9285eb1f0818981c5000,0
0xb324963de9963062e01fcb0947d5b62851bb3925,0
0x8ce9f479abac8daf513105f2e4e7a2399f3839aa,0
0x0e4bd3009ab6aa081632a3d2d11c4a3ca546ed99,0
0x93562ee01ccad75150260523e85dcabe5c80bd79,0
0x8fb0bd26b6d78e4642b238d94fa9a157f5524fbe,0
0x71d1ec9c3445c351fc6aa070216bbac997583e25,0
0xbac72bc9df4342c81863320d15fc8e702501b8c7,0
0x7ed996270a481888e80d11637f5121a508eda5fa,0
0x71e3e782f687f989c50bcac546545fcd2bb60053,0
0x1320d0fb801be8def69fbfa3d22202ee8979b7ac,0
0x0016c0d0343e8f2c3a7b6a51606b84b1545ec606,0
0x7b2493944c9512a308b219871ba187ed7a05ba89,0
0xf477af21e1c9226b822eaf3d9edce54b6091c973,0
0x1d9682b499d59a79848644a5552ebc5eec7cea3e,0
0x2df3f923ade83756ecef01406122ac1001a767f8,0
0x956d2c8dbef927ace50692af9a59d393a77ae840,0
0x7a70e27e10dc7e860bc92e0817b64feab4c777d3,0
0xbbd0d4d067d5af2065b1b6fd936d93237ae1c56c,0
0x1cc0e56c41c1232322bc661a800cf361235690ab,0
0xc02aaa39b223fe8d0a0e5c4f27ead9083c756cc2,0
0x50343db63b24981397c6411ae2e4a11bf5f69d4b,0
0xcdd38e23c7c59b5e5ab9778c1552be8bb3a00eab,0
0xb32950e2959ffb24e8c035a32e30add965040d7b,0
0x7f2e4c2a12890a92ead5d1b4e1b2978ababaedaf,0
0x91ee9beb155f9071ef3fdc0a2e14779dd53381cc,0
0xda3ac1e29a4afe0adfc91c38e0e0a4c6da22be7e,0
0x2c2b055549a45af666f591eba28cc74e6bd4e705,0
0x00003c85bf903e179f1224bc8ab2ea4ed8000001,0
0x66aba13aa589e8a45f8102d8fa28326c5c90218f,0
0xb6ef3fbd4d17822494048cfc7e2e03e71c2dcee2,0
0xd6c0981bd64a09ddefc942d792106c650a54e641,0
0x6d4edf20fd833c3bee6e6807acc0135a0e42ed6b,0
0x757ed32f3ae7319ef7ea443059915b6a17ccffce,0
0x2a3ecbbb19a3165a6231397085a74ebd1e68069f,0
0x4675c7e5baafbffbca748158becba61ef3b0a263,0
0x2063ca5ccc06cad1b7ad3071648ab139cd777d29,0
0xf4b4e6fcd0cfb6e3d70821c136b9c5aa0e0936f2,0
0x283af0b28c62c092c9727f1ee09c02ca627eb7f5,0
0x900cc4bb434d97716955ee04e0414539f9935fff,0
0x5f9c91cb674ea077a94200a82786503c807b2028,0
0xb130a894187664b22b823de7bb886e5c09e27d51,0
0xf91523bc0ffa151abd971f1b11d2567d4167db3e,0
0x4478c3bf987d3906edb2191e75b746414e65911e,0
0x0fa24531860f57daec944e7d0dc8b5c691cee216,0
0x8b7896259b3129d7e8d2bd35793b4aece1635b37,0
0x581ccc46ccfda08bf13569923176ceab34dc69a4,0
0x2cfb091362b7f192678dae10f0a4885398f74e7d,0
0xc1e088fc1323b20bcbee9bd1b9fc9546db5624c5,0
0xb8a3cdd60516146085d32901e94704de539ff3b4,0
0xe3408bde093824810c0c5038304b4d1bfdb66711,0
0x92d6c1e31e14520e676a687f0a93788b716beff5,0
0x5a54fe5234e811466d5366846283323c954310b2,0
0xf85dfa89f2cd1886c9d58aff0927700551624307,0
0xc449cdf01d7c79d0f4a82dee0a5f8ae73c7f69d9,0
0xebbdeccc1a4bf76c14975e6f83b38b81b4f1bec6,0
0xfebcd1b2b8a3be8e1b2b99734b5e083068af6615,0
0x71387b45bb6ec26212f6293f9457776a0ac8097a,0
0xd13cfd3133239a3c73a9e535a5c4dadee36b395c,0
0x76e951aabf7279ce9c88991012bc7e930989bde6,0
0x4d7f6aa39f2a538d6c49d44a98dd52ab714c26f2,0
0xdf37dd7b0ab052a3dc8ff26c3a016b698cc23dd8,0
0xa2b336974acf7b1a15fbad1aad66595438129f3e,0
0x6a64c6bd4a8a9374b3e6a5d3487815f6d920d7a5,0
0x574d3ac37d04957402d5aac2fb0122ada05fe3b8,0
0x3acafad04e00d46161954d0ad964da380fbe1d25,0
0xd6d36937b073b31adc30e134c820314c3c356501,0
0x7beefddd569824dfd3494ed8e0c5d32bf98214db,0
0x6a1422106ac0922b62c22f643c090940a5e5484b,0
0x0e5f3c0905920081aa74ce65bfb8982204e08eb4,0
0xd9a96cf3327c05e2530db7e836ada037f7832750,0
0xda865818aa0fe8f6b92116be090f03b91b462c92,0
0x9adb2d1d33b2026a37f84d718ebe14b8a0882a30,0
0x7f5f854ffb6b7701540a00c69c4ab2de2b34291d,0
0x6759d0e59434c789d6de0cfd1f8f43ba6b50821c,0
0xb286a28b386266220854c2bc139a05f5b582654e,0
0xc9fd90d23798eae0bac47e1e58cc7feffd6610b2,0
0x0579826117690713159a9e1432b9b265782410c8,0
0x1f573d6fb3f13d689ff844b4ce37794d79a7ff1c,0
0xeaed83e8d30be698c86a59033ad3f11d6d9c8e84,0
0x004555b378260b847a3f6c420b239568a6ab20b5,0
0xd6a9c310e07b5625d61e6c7bef3f4764abae114d,0
0x477b8d5ef7c2c42db84deb555419cd817c336b6f,0
0xa5f5f92271870ac3fa47159ea83012c5b7a226c1,0
0x638a98bbb92a7582d07c52ff407d49664dc8b3ee,0
0x878555319428acf6c587d4c4df3b8263fafab566,0
0x41a41cf73ad96cd98f206757f25cd150cf9d3326,0
0x394997b586c925d90642e28899729f0f7cd36bdb,0
0xaf01d0e71ce300df968a83922b721fee7afe6174,0
0x8e81d511ee23c920f689c84a4640d307f2e4d602,0
0xeb632c771d1e50276f1ce8df629b0c81f2f17fcf,0
0x373075bab7d668ed2473d8233ebdebcf49eb758e,0
0x3db52ce065f728011ac6732222270b3f2360d919,0
0x7420b4b9a0110cdc71fb720908340c03f9bc03ec,0
0xa92999a61bef284823ac0ac5009b978a50f7c3bc,0
0xfa1690f2778f1f78c24da9f33eb63c8965293e84,0
0x7961076f6130092c1c90bd0d2c6f7f54055fa6c7,0
0xeb6bd7f889b37b661e19df2d84ce9817fb3bc928,0
0x1585c729257322ceefc0b6c1d728e72d12fd06c4,0
0x242aaf76c3c27b5873fa12ba63e09654d86cd88a,0
0x11469599304622520ced484f98b09bac6272232f,0
0x15008158e1273b3d77d84aff3351adb787c394ca,0
0xbe27de58170e0238e281520d7733988d316dfd32,0
0x8a9d3812020d70bd487c79f2ce471ccf87e17ad1,0
0xeb2a22b27c7ad5eee424fd90b376c745e60f914e,0
0xccfd52615cf334f30ffd52e1e2dba672b93e4b13,0
0x1762623ae3e1f4f06dd8d477e2bb3f3f72c2ed2d,0
0xa305fab8bda7e1638235b054889b3217441dd645,0
0x690b9a9e9aa1c9db991c7721a92d351db4fac990,0
0x000454307bb96e303044046a6eb2736d2ad560b6,0
0x668aba22c02d754edcbc70dd5fb9cb8a68e77b0b,0
0x7e524b47f79ce997ad083fd76b0033ce5bcf9165,0
0x6b4c7a5e3f0b99fcd83e9c089bddd6c7fce5c611,0
0x03f7724180aa6b939894b5ca4314783b0b36b329,0
0x15bfb09757cfaaaf8b9e21d7bff4889985201a7c,0
0xec30d02f10353f8efc9601371f56e808751f396f,0
0x837e707e29c68c561378f66dcfb73c43cca40b9b,0
0x19c5a65bda06c41e14ac403d032558e923fc7782,0
0x25c77aafbccce15ceec211b483928be70efc2bad,0
0xa58ac80b7509b8e5f306233250e461c0a7a33c73,0
0xe2dbd3ef8d0af1b8537fea5817db3508212d677a,0
0x95ad61b0a150d79219dcf64e1e6cc01f0b64c4ce,0
0xa5e52c9b486ad3d0fdd7d1563317210ec18e7498,0
0xc9c9721111ff5d33f401d8bf36592160a05f5f90,0
0x23c9da1c23af63477cae21e5d7995981f7506b83,0
0x03112642768cfcbfe36cbee68258e5be919b085b,0
0xf9ca7afe528852ea9180104ca7eacd76b0e04bf0,0
0x675b5d55c77e39b3ed465f37f42f142ba066a98a,0
0x02968207403fe9622210856764956c3178f5b54a,0
0x6af05f81005c9764cdff3d540b0e8a8a9fefa5c9,0
0xd1f2c5b3e5856a7eee3b4e41b938c04f70539b67,0
0x59679ab495079334488a48dedb6aef6f7a81a192,0
0xdac17f958d2ee523a2206206994597c13d831ec7,0
0xd24400ae8bfebb18ca49be86258a3c749cf46853,0
0x6081258689a75d253d87ce902a8de3887239fe80,0
0xf7ac4b194ec84dcc7eb56019ce095b2a035f5b0a,0
0xf629cbd94d3791c9250152bd8dfbdf380e2a3b9c,0
0x951c6993eb02962559eaef5b3d3ac5d5d6014b50,0
0x28d604a4205549ea2510d03f2addc673ded2187f,0
0x753e6ffb22ea2ec23f4de867c13cc9a270f8eda2,0
0xca9921700cecb0248683e375481de9a7bc80ba10,0
0x2759bc7b8f9f2b47eeeffb2f5751e0cff3ff1ad8,0
0xabea9132b05a70803a4e85094fd0e1800777fbef,0
0x50e4bb702bfdbac7048d5a7281ac27e7b83b468b,0
0x39175d92f9b6cde03b3c1809dbe649bba6644d6b,0
0xd321aabba5f2cd8a9b25636ed07be2465c70b6e8,0
0x88a2186568ba4b373103cd2f301bd801bc9c4ec9,0
0x7f56073741f18d4796870132a1107087d11c5e7e,0
0x6b175474e89094c44da98b954eedeac495271d0f,0
0x164a8c9c9fd58de950c01d1b27f693fd42c06a9d,0
0xd9b9eecfc8b454d9745e7d485953f2d733d26ffc,0
0x82151488ff654e5055520e188bac08e6ab0af3f0,0
0x277e26aaff311e88650d3e1012e90b3deb930f32,0
0x3538b89e0b83fdbbb6b55aeadae9a4718979c594,0
0xe66b31678d6c16e9ebf358268a790b763c133750,0
0xe33944103f0bcc0e2571a176638ea1c129e0ade2,0
0x8ec51f6f9be5e7fe96e2a53b2a0a6113cbb4ff41,0
0xd7fd3c63c5225d3e52ed740a77545d1678f2d403,0
0x807cf9a772d5a3f9cefbc1192e939d62f0d9bd38,0
0x819c1a1568934ee59d9f3c8b9640908556c44140,0
0x6aeed281eafe4a2eebd6e3dc8f900599507fc290,0
0x85fc6be9e819b1fcaa3c0697dac6180795c153b1,0
0x043022ef9fca1066024d19d681e2ccf44ff90de3,0
0x38b062d11cd7596ab5adfe4d0e9f0dc3218e5389,0
0xd1527f337dd231642ef668826f59e987bb0606fb,0
0x49ac58198a6c9a1e6dc1ecc945403089069da88c,0
0x861b94eed91c5ab62740b7df7a8132de37a0b1f8,0
0xe4e968b3abe7123f18b318e8ad17ce3826b5cff6,0
0x5d0879c7662fac9cd3bb34f3a606198938a44ea4,0
0xa0b86991c6218b36c1d19d4a2e9eb0ce3606eb48,0
0xd8ddd4a77c646debffe67bfbf6ef5666b8599b82,0
0xeb54d707252ee9e26e6a4073680bf71154ce7ab5,0
0xdcf5b9a9371b86fcdcee58e8afd8aa6bb82024ca,0
0xae78736cd615f374d3085123a210448e74fc6393,0
0x99606abb7ee8ed4b40fec83cb23cfaed8a43b085,0
0x5bcbdfb6cc624b959c39a2d16110d1f2d9204f72,0
0x355a34ece848687e60d9d8f4d62cb1ceee625e61,0
0x019df15da0d0b6fb35f5b54c17a63d3842e12be3,0
0xda5d19a2b0c228f5bd31dc46b36601c5500bdec8,0
0x3966632806860b5343516b23c55aa2e03a752114,0
0x1f52053f3e685f79ba8e80132292d0ecf91bba12,0
0xcfc0f98f30742b6d880f90155d4ebb885e55ab33,0
0x2da7fb93f036ce21be35868e916d2a78b6d4bfa0,0
0x670cbb90f1287a7cf5db84b66b345b67cc5bd2f0,0
0xe6217ce478c851f4bb307ea2f588cb50b2968712,0
0x5f0a0c3ab0a35f4ac576c94c2f14ce1b0f8e04fb,0
0x23d229425db701186c6c3618f89a283d0c0096d9,0
0x6efb00254160c3d1242a65ca1c3d86e07a1dd8e5,0
0x8c54ebdd960056d2cff5998df5695daca1fc0190,0
0xf8f2127e09055b59fe860f1b04d099f666e1fe6b,0
0x3d47ef9690bd00c77c568b73140dc20f34453766,0
0x0b95993a39a363d99280ac950f5e4536ab5c5566,0
0x474874e1a5937d6d11cc1d164934dd7ffb35b935,0
0x4d6283b4198c0039f2addc6a8784bbdef6e259eb,0
0x4879119abeecd369aff093206540b6e5c95767ba,0
0xa4efd11229f049e99ee37f9ca317919c7eb6cef6,0
0x514910771af9ca656af840dff83e8264ecf986ca,0
0xfcb9ba8abcbbdd8fb7a8f7e35bdfedcf16b2fe39,0
0x7812bcd0c0de8d15ff4c47391d2d9ae1b4de13f0,0
0x292f04a44506c2fd49bac032e1ca148c35a478c8,0
0x4161d35f701bbd3edecdb986bf81fe33714f47a3,0
0x17ecb48991409419a6b14938f3c9737e66f7c2d4,0
0x8ef5629ef87731e678c377628f4c4c9a23ec4bcd,0
0x80ccb633c7f2b8f651365148a37edb2be5af08d2,0
0xa9b21324f918244ff53393976b80257388664b05,0
0x6476501a9e7a16338452a3e76e86de7f15e0ba78,0
0x21286dcd35a7c56ed75603e136f6cb1149f79fb4,0
0x5de27f31e0aeab26a117739c3b83a8326bc8c803,0
0x47da741e9fada9aff75c0f2df69e9cd2b216b225,0
0x82b7c46503a494f5b5fcb77deecbfa3b11d5e1af,0
0xe063b824f799214b58b0bca39bc4ea8e57bbdada,0
0x2e97bda9bb819b9d61a0e823f14824f423c873c3,0
0x9481d8bc76fb1b7d2f95733a6ec0b40d0cb1fffc,0
0xd1bc87c56d5014f746112065c6d4173339ddd476,0
0x00b4321f3cdccd08e4fba017a8c29bda4724c333,0
0xa9e70aa175f02e9a4f6a0007c7e6f9c0cf1b3c09,0
0xfeb0469cd4ae1a03734231478e1624530dedbb4d,0
0x7a1d17a772d47ae38db762ad5e28e968d59ee35d,0
0xbfb6771ece1c160b7e39214944ecfa75f6306ea2,0
0xe5d6dad4ef670dc6fe812c54244641f32625014b,0
0xa397a8c2086c554b531c02e29f3291c9704b00c7,0
0x2158d7ba2e48b9cfda61229629690a292d6d0728,0
0x7ce0ce51ace2e33e6a629fb999872c16add6ce23,0
0x8c41b4d1252e76b3a165704303bbff43cf7648ec,0
0xd4c3c23349348fa67f6d044f1357c54d8e6a661b,0
0x6598ea62d7b1a044416742f2544a35df3f006199,0
0xd50a805a547ed4f8da3602615e77ab9281a0560a,0
0xb7a8b6de563ccad4f76c3a491b848cc0ab4d9044,0
0x8a8754e529b3e58d83fb197f4ea9e93f4d82f68c,0
0x8439ac976ac597c71c0512d8a53697a39e8f9773,0
0xc944e90c64b2c07662a292be6244bdf05cda44a7,0
0x6089f21c19957fab883bdf487665167804a46129,0
0x974caa59e49682cda0ad2bbe82983419a2ecc400,0
0x4af790223169a8621095871375f79425725d22c9,0
0x60fd35191ffa774e40934efb8ed34b2ec42da320,0
0x42042a24cd2053f597d6bc2ca9631d8a300865f1,0
0x7782046601e7b9b05ca55a3899780ce6ee6b8b2b,0
0xa3c9204c856ba6c5c56e32bfc44b4c8203fea930,0
0x66b8e70a09b103b049319db424992f2583bba4fa,0
0x8e5126193178c8c59a9f773683d8b5aa2b81b4a3,0
0x68a77547527dc796f7ce2c0860aef08046f5a8cb,0
0x5d98e52eb7f4057bb4898a15c4a51d5f892e8471,0
0x485b9a41e8bf06e57bb64c6ba7cb04f9d53d2d76,0
0xf53a4856db59b289deba05a44ca83e94ac3cc90a,0
0x992c8056ad4dd15af0837e1858c96576b014f958,0
0xa9d1e08c7793af67e9d92fe308d5697fb81d3e43,0
0x8f1aec39bc347c8b029eb1e0ecbf366701a9bf84,0
0xd774557b647330c91bf44cfeab205095f7e6c367,0
0xc18360217d8f7ab5e7c516566761ea12ce7f9d72,0
0xa4478207fabb575e2b850253a7e3821c79a6b7a6,0
0x7573f70bdfb01e911c153795941a2aa6f2a65987,0
0x56d91ce71cd88ee61fb97c580eea1126dde4ba7f,0
0x71660c4005ba85c37ccec55d0c4493e66fe775d3,0
0xed41d8d502b4d8edfd6c0042867fb363cddb4256,0
0x02b5da12c7ad8d3a6bae9c3081e167c11ae3ebd6,0
0x5df6434986b285143b060c0e07e1a8d79f5d1b8b,0
0xf29346361c4d9029d8da894b7ec12b75a2f43d35,0
0x772f8d7789a3e86a6d4437e757e944b240901d2d,0
0x232247cd57bb7970863e7e94e2cdeedbbbfb8b96,0
0xd04d85f1e60f6b686b04bcf3c0a5c2b8358bcef0,0
0x92aabb084f1cdaea30b228172c9b1f5aade7fbde,0
0x8a3342909efe3b1d46b1651619480f69060dba6a,0
0xb10707fc126b533d06659dd12a1f709aa8a597ac,0
0x9228f6ab228b37b0e3935a446331698662ed0924,0
0x7bd6e694069b4e9a728b3224eec82a5c29bf4cfd,0
0xaadf465695b80d5f8a1079b6646ba0bdbbaa4307,0
0x084abc6fbd161cc0d600b2cd00537d8e0b5da577,0
0xbfdb41a9da109fa09171fa0caa0d8a2fe954f3bf,0
0xa6fa499f22353f91d31b94512b1d4547c5cc852f,0
0x11968e6ea9d8e2147d0bceb7109543932e65f2a7,0
0x27a54e9d5a84bac17fa900697b31eeff5acb05e3,0
0x9e2a58d257963a276452fff1be94c0eb7e2775cc,0
0xabc7ea8b68d05c2c9cd7e4043045f640816adb21,0
0xa50093dcc62e07c6714a43c134019100cbc6a5b8,0
0xe039d5a5c4e31123138811322283fb1adb4ff544,0
0x153cddd727e407cb951f728f24beb9a5faaa8512,0
0x747be830681a8e0bf3b6c90d14583389ab2e3e91,0
0x3e1b6fa7cbf2d98d8fa822d14d5bd60efe9f961f,0
0x42b27c044a22acaff04146aa243753ee617a59b5,0
0xa60efe89e07cfcf83eb30f3b063834f0f8b30466,0
0xae4de19be1cec6c6017e4b87c9f22f5735f06d27,0
0x2f00a66a577978a6498474724aec4aeb6b5abc35,0
0x5ee84583f67d5ecea5420dbb42b462896e7f8d06,0
0x0f7b3f5a8fed821c5eb60049538a548db2d479ce,0
0x15963cc4b95e40a4590ce347fbf9806324bac1ad,0
0x3820e79deb5e60f6f488fa2a62c8e190cc69bb47,0
0x60da4a1e9749eb3ee07c04c74cb3afd2205041c3,0
0xcbd6832ebc203e49e2b771897067fce3c58575ac,0
0x2a39604312f4b0e26fea7d2422c09f62c063db98,0
0xbb3fd383d1c5540e52ef0a7bcb9433375793aeaf,0
0x169067778fac7d7314b5ae07052b2d76e79281f3,0
0x039d6bb3d7548d304727dfd0d5ae844984933f23,0
0xc5c867040682b63836bfcbc6029f094f908e18bf,0
0x084b1c3c81545d370f3634392de611caabff8148,0
0x8d5d079bd779fc10ed8a54c580e46bf701b22857,0
0x484f108a4f1bfa0295e7f3f6ffc9d4a8dfd06f4a,0
0xd697e4cc157ba6bc9c7d193bf761512f8ba99386,0
0xb39f6e2207b9b6360fbd973021afbc98ae3ac7a7,0
0xdc63269ea166b70d4780b3a11f5c825c2b761b01,0
0xb6007a21d1c890742bd9a3a4e2c0ca8df646b0be,0
0x91a0a3043f68986043d7083c4d85b558b21f0a7b,0
0xf05e2a70346560d3228c7002194bb7c5dc8fe100,0
0xbdfb5fd368ab834ff078da559d2499fc1e5ab246,0
0xa5162c543edda0c8199ad6eccfa7c4d6eab0f4e6,0
0x1c22ef01f987243064d04c68321f432637100001,0
0xcc83e27b24cccf1f5a5eaab695eaca7cec83e8a8,0
0xb0a3e362ab6bc04320d915a3ab04f334eb4c7157,0
0x6596da8b65995d5feacff8c2936f0b7a2051b0d0,0
0x9f0895a79db6e5b0a2f09bec42c31d7b91ea3f49,0
0xe1afe10b5fa6d06c2dcb8a51a185337a07f467a1,0
0x60ba1e3b510dedd95474326d8a1538a984b76cd5,0
0xe906c855f4a22022608a500c5b7c93cfff045343,0
0x59abe60b93530dcd5ee70ce1ed61f3af05779298,0
0xb7a0c2ea7c93839bd690b9744b6fedadb1c2cf62,0
0xc333e80ef2dec2805f239e3f1e810612d294f771,0
0x93714b021d0a57333d93998c99c1c3394d47dc19,0
0xda3cfe6d5a54866f4d601933ca9b54118eba0b81,0
0x8e8f818d3371f797a2db7edb32803607c8b3c6a9,0
0x96a72fa0bfb5a60da557f3f6c5ed0ca7592a5c1e,0
0x9a6c9b0ac97158d1a44a10783716a98aa78bb6f0,0
0x758e4eb56e6bcb6d6328e26d95455f93f52049ab,0
0x2b591e99afe9f32eaa6214f7b7629768c40eeb39,0
0xbf1adcace5d85bab79f5e537931c16953168e33e,0
0xef570ab54d2c111b1a04f0515e795a429adfb7b1,0
0xd9e1ce17f2641f24ae83637ab66a2cca9c378b9f,0
0xbe9998830c38910ef83e85eb33c90dd301d5516e,0
0x8290333cef9e6d528dd5618fb97a76f268f3edd4,0
0x36ac219f90f5a6a3c77f2a7b660e3cc701f68e25,0
0x7d0cedf4eaf7c0d7a84f21675cfa3dad21ac80e1,0
0x3432b6a60d23ca0dfca7761b7ab56459d9c964d0,0
0x2596825a84888e8f24b747df29e11b5dd03c81d7,0
0xa0b9bbecafbc42af3410138635c30116b3e6f1d1,0
0x621594a65f7975bb59f34229a3f858ab6a4b7a94,0
0x46340b20830761efd32832a74d7169b29feb9758,0
0xd85b84b225ee6187bf9ed7359834546d3d077d8f,0
0xc4448b71118c9071bcb9734a0eac55d18a153949,0
0x8bfdb168e6c12f68e27e8be7d2cf3d14abc9417e,0
0x3bff7d7b4f0cacce45f3836d69d686c50c20ea90,0
0x468da9a2e1690f9d8b956f2f67d58b7ecc3c034a,0
0x5cdf5a4d55dcf13059f4e6efa98af3321dc6996a,0
0x55b6974569b96bbe73a9bf0bbe8e8df9d7d4ea25,0
0x1776e1f26f98b1a5df9cd347953a26dd3cb46671,0
0x80c62fe4487e1351b47ba49809ebd60ed085bf52,0
0x7357266842453352d654ec551104af3da5c7a1b1,0
0x39d60f399c449228e2745204e0bb23f9c4ea08b8,0
0x9a1fee8b2b576f198f75493aa8548db879e7fbb6,0
0x579cea1889991f68acc35ff5c3dd0621ff29b0c9,0
0x544daa18eba7f9f70f3994db485a7eb0855fdeb9,0
0x5b4edcb21d506d21729d54955b708fa74f04bb49,0
0x255249e8b4fbcb0365841de89d8d220a4c30e96c,0
0xa469e95cac24b10c29fbbdf5fbfc4c0ba66b6861,0
0x58e3d079f9ea4cdc913dccf576361f1a5a6b6571,0
0x882bf50c085cd7d696d9a83c4bb7c0fad8b161e5,0
0x06450dee7fd2fb8e39061434babcfc05599a6fb8,0
0x07faa0594e8ff9cd431ba1e3aebc1976c1dfc1eb,0
0x7bf94e5a07131442cb5474ff6a702fbd30c097d5,0
0x651a5404390ed347adec8976b76e1f0b73d52102,0
0x9e72bfa2dbb7b56473992d3b5c178948ee367cba,0
0xc2f094439cd1fc45af3e8a679984927abab0d3d9,0
0xc3cdae0c5b647833c33f57cd825803f2632e0daf,0
0x07314007735faf41fa8ed4f590e5165bd21604b1,0
0x8a1ca04bfe7c2ab64bd0dae3adb30e5fdc8bc940,0
0xe4edb277e41dc89ab076a1f049f4a3efa700bce8,0
0x25e6cf767eb49c7e8054b2fa327be16dc15204a3,0
0x94c731f76b87fa5ea934230ef0f0dd984ba45453,0
0x36c3ec16da484240f74d05c0213186a3248e0e48,0
0xf10bc385d971835565c72720f0d87e28fb5c60c4,0
0x4d9ff50ef4da947364bb9650892b2554e7be5e2b,0
0x604481383dab12912c1bd49ae0bacc7eddbe54c9,0
0x76f36d497b51e48a288f03b4c1d7461e92247d5e,0
0x7e142cbd1cdc7a9b76a6c9296813e32e62985903,0
0x497a9a79e82e6fc0ff10a16f6f75e6fcd5ae65a8,0
0x60e2bf52eb82db3767c0fb71bbc3c2bb5547ee79,0
0x7c3590d1b5da1d52b702cdbf5798ddd6c87400e5,0
0x0b2f000f1968ac9f3be539a2fa768dffc130ebf6,0
0x3bc7589c09d537962e8117ffe6f61b7bc7317929,0
0x8c82a71b629db618847682cd3155e6742304b710,0
0xbcbf47d57886a50ce75c95e411d7e09c2e82e0c7,0
0xbe878ac3de5e8f4256153104da0e165cb66c19ba,0
0xe905df561bf8cd4043bcc0fbe2009a29471c3218,0
0x53e3dbfcaeeb36212f7723f7bc0cf23c436c4ccd,0
0x0913ddae242839f8995c0375493f9a1a3bddc977,0
0x8c24909cc1154fae8a2a986dc8e0fa45c4792d95,0
0x356ce2107f58b7b56184826766fe0acf3dc4c663,0
0x5700db45383328ba5625856c883bd69a903ff0e9,0
0x29984d1f9055cafb02dcdd53c54b727902e44975,0
0xb415feaea73a5e716622ac58b41887a00be4e069,0
0x955dfecdd287d36e9604e507fb7fd41ea80d5f19,0
0x2ff462bfa833b178074cd47f28d2535e6efe4da4,0
0x5e66b5ee5e0f97c4be5315bb20b7ddbc1d751604,0
0x6f7fe413e871b80c5a12c180f5ab3964f82d5cdc,0
0xbde3fe2c971018a0dfde5030b611e4aeb2ce3933,0
0x9fb2af582a19a4d1cebfbbc097d51bc13e307038,0
0x5de32bec8fdb6f62d25eebe1029b7f1b7c8d9bc4,0
0x125f660239707c9de3462d3fa633f2723ad0b884,0
0x747bd6d141ca0ada916dae2c04d0492a045d6f41,0
0x6c6451a55d8e26fe83d7319163cdca92161d3aee,0
0x74a945ea5877a15d788cd74cd5af86367c3e80b7,0
0x38d59cdd4f2e1edc8ece47692eb15e0ca87ad2f7,0
0x047f20db21eaa19909d59c8ee8d78fb62d168c16,0
0xc051cfa3a6ad47302333b4d9fd6206b2374b7ca8,0
0x79b19a55022585ed0ceba3890495e5fcd0b76a72,0
0x3c808f522aa242e6bbd32e6f13b2decb18cb036c,0
0x28c6c06298d514db089934071355e5743bf21d60,0
0x4384b85fe228ae727b129230211194e4a50877c4,0
0xa402b28771ab5ade9b59962a47acac18b3c65bec,0
0x322eb323bf6c79f0bc2f74f1ea1d1c7cda009b34,0
0x85f30edeac276ae9c811c219beaa7e37fff416d3,0
0xbcddc4ebe7e875e01d7503a52a4004805dad6b04,0
0xd7bcee2eaa9579f39c2290d48e0fa3c706c90153,0
0x526cc13021aebece22945f26ac5b53122505356a,0
0xf75ffaa90a5e35d010dd0f4cf428dc40e4248b92,0
0xe7d3982e214f9dfd53d23a7f72851a7044072250,0
0xc19e474d3fc4d39880edaf74a362661bd6d59553,0
0xb7a2cb22c3b15401baadc38cce212bf38b0a8353,0
0x4e0c6321b0745e1c015c2abe2a1f42b59d535e3c,0
0xae423515eedf4e415358f9f948a8dfa755d4b1ba,0
0xfd3d2f531cf754f97e8516ef5bf2baf3bfed90e5,0
0x76cbf39824f37b00fe0bfe05981e0e1d05d6073c,0
0xbc7c901cdaaecbc9a6852395871b55a06a255682,1
0xfeee860e7aae671124e9a4e61139f3a5085dfeee,0
0xede2af0e710b136392dd0a508167d8797ae563f4,0
0x4dda9e1a1cf3a97974c31c9a7fb2be6486332d25,0
0x707a2b0cb8675b8e2fce53ad222cb54a1b879094,0
0x603f6fe8981cb51c6348fe68422bfe176db3ff20,0
0xe244c37b6bffb5026f6323287441febfb30dae1f,0
0x3a856d4effa670c54585a5d523e96513e148e95d,0
0x64192819ac13ef72bf6b5ae239ac672b43a9af08,0
0x19581ac14ad4056c9c3e21d617de97ec930f8b56,0
0x3cc8823e29ce63e3bc3bdfd06e50b05d18d74738,0
0x9e5827c437023d4ef9a7ec3f458121ea19f338b0,0
0x3015b5d2c33bcd2e026c3c8ef85e7f386f05e9fa,0
0x2535e86c967db81499c2ab7bb2199a5793f60f05,0
0x1c9706f9004f68daaa4b4762582d6b435a3893e2,0
0xc1d4bfd94909b589bee19062e375d17bbd5e6799,0
0xde343d6c4abd829f194c6412dc62f838f6fb1b98,0
0xf8ae8b79ec9e499272465bcf81a3b690f7d6664f,0
0x419d0d8bdd9af5e606ae2232ed285aff190e711b,0
0xbb55eb1199ee75937a7b89a5d8d0484ac873ab11,0
0x14b312554def0c84b1edfcb32faad3e7d91c356b,0
0xa991356d261fbaf194463af6df8f0464f8f1c742,0
0x9c037bd7287023ea13a2d887429c5c5a56d0d08d,0
0x9696f59e4d72e237be84ffd425dcad154bf96976,0
0x03e0785a2ee36a9356f373a9aa5b547b76849dcc,0
0xf647d304ef2050e635c140ef914f78ca03ac3ff2,0
0xba12222222228d8ba445958a75a0704d566bf2c8,0
0xe3adc4415ff417171b42f1dcbc868287fe06fbc5,0
0x647b696ecae4467c32e17650bd4c001267b02442,0
0x61d7ece32854caf46c6304fd536704eacd4da256,0
0xd926b99fa54fa1a4d1863206897ea4fd9a6aa4f2,0
0x338707b439cddd89302b5c3318c080287faf959e,1
0x3c482146a8cb890a5ad7a7ab0a5f651f9df39986,0
0x0eaf80504b28c0c84957c2955cc2d86a63e3840e,0
0xdd4745917f3e79aba7a771f4e140d7831c2da6d2,0
0x220ae2f0f450601bed40deb1fcb15fa9a9e27bd1,0
0x3cd751e6b0078be393132286c442345e5dc49699,0
0xfb30436972ab0cfbcd351a51074042f1c8c194ca,0
0xcbb011006eadd48a241eca39181be7834b93dd0b,0
0x8379f1c7b5e846928c78dd22ccf0060b4a42159a,0
0xd25d25596e6509d44ed3e0adfd903da7748b3789,0
0x281ea54628aa2352415b6ac53bb4ef04e019dbd0,0
0xcf1f409ba1e05b22ae49aab2f036bdf9c9ea5f1e,0
0x770b753f065f930489782fb587014558bb0ed8a0,0
0x710a83911bd872c733b550e4028cdac574507147,0
0x6dba22bccb1c450e80679512ac31b3ca947128e0,0
0x1c13b7a8a93c27416102d5e44713c2022cb610cb,0
0xf84f046c7910cc8ae1f53732cdf997f0cb662c7b,0
0x5ac6aa26ca87b736ac354107cd6e3046244ceab9,0
0xccf15303f9d9701bd6c0d6fc90107b2028ecb1be,0
0x551debf6c8c046113c674c5894708f87813b7471,0
0x2276f1dbb0abe51011e7da4cb572a7e9dd28904d,0
0x389044f3ac7472060a0618116e3624a5f0f20f28,0
0x0ca5e28503be54e777fddae3ac5f3206bcd46ee9,0
0xf1e80179355dcb21263fa92c5bfef1438e74a649,0
0x4023c5db63d01c0a797d7949b2d5396fd963ea49,0
0xcad621da75a66c7a8f4ff86d30a2bf981bfc8fdd,0
0xc945f1999f6168ba4ded3d91ec7501f5bf936242,0
0xb327583c30968e93be50015fc1740b084fad2849,0
0xa2120b9e674d3fc3875f415a7df52e382f141225,0
0x34abfc1cf64b6d4ddec069fd6097b9db0ce43d30,0
0x7c195d981abfdc3ddecd2ca0fed0958430488e34,0
0xd13be15eb0ee5c64141b97ddf4922b433bedf481,0
0x9acc5547cc55cc5464519a20136dcd2d526fddd9,0
0x5e231d3aa79e892a532f25651463da4a54fd16b6,0
0x0e01f957874380cc8253b28fb6502daa7d380c46,0
0xa5a0340c3bb314b17b14024a67cccff7f2dec095,0
0x4596d7aeef1188f315d1c14e4bb82ede0eaf57c8,0
0x35e78b3982e87ecfd5b3f3265b601c046cdbe232,0
0x4aa9a433556e9c9ab2d8282ae01c652247cf56af,0
0x48a57c98f50a6a40cc064f5ee1d3283a76cb99d8,0
0x67a73131aa53c44952d6877b3f77c3a354ff9544,0
0x0c5ee735fb5d8332f5e63062bcbc96582fb8a4c1,0
0xd7a5be9affb9fe95c83c442a090f1fb95de78263,0
0x9da2c7d27df3d81d5d0270dc388ac5682cd1f441,0
0xcac0f1a06d3f02397cfb6d7077321d73b504916e,0
0x916c1071c8fb12df06ca343b735254b29b0d4789,0
0xfa0a67b341c074d9e4a162d27f065ad3540c0d4e,1
0x3749dd38ba6b4663191831b1f1b129031ee881f2,0
0x1770c692db5f54a642f7f0b96541e92f37fd7454,0
0x40a50cf069e992aa4536211b23f286ef88752187,0
0x0a3afadf227c2131d9b8dd4a89ed05d453dbf959,0
0xeb799f06e5ef63444c68290d0dc4041978a75f6f,0
0x1a720be441dd72781a78cf2126c4e92ccbf87679,0
0x758c4050b71a03dcb9f51125db9d1c20456fa9bd,0
0x74f276d59de4cda7a79b4942f028b0f3290ea90e,0
0x00000000000076a84fef008cdabe6409d2fe638b,0
0xd4bd4ac4ca46c16cefe1d1042a5d3e3ad764e19a,0
0x9bf252f97891b907f002f2887eff9246e3054080,0
0x3e0b92e7a52a3d7d733b27f91b39128b84e4b00a,0
0x58b704065b7aff3ed351052f8560019e05925023,0
0xcefd0e73cc48b0b9d4c8683e52b7d7396600abb2,0
0x5df8a286f2ebf4476a214a93a42d7c3b56489083,0
0xa0246c9032bc3a600820415ae600c6388619a14d,0
0xb33af73fada1183e7064eaa78ca17917cd7bc4e3,0
0x60cc6f6cf750ec40a647d0bf29dcbd0bad03c0f1,0
0x7666b460007dfd74595be04b6e729116e7715ab7,0
0xe5daf39106f3d826b74588d7477c277955046363,0
0x031b999b611f30386d40ff6859eb54d67845f1eb,0
0xa97aab685ce2330590a6b2f1e1b7c33c13825884,0
0xbc6a08a8bb67e9b3231c6fb03c6d1956d651b03c,0
0xc24f0619cb4c9f1fee809e7f2a9c381d61fb27a6,0
0x410ed1cbcea3b3990a3f27362c06c3c5d1e75d08,0
0xffc3d4c89fa904aac50228482f5cb40a5d1240fb,0
0x7663c5790e1ebf04197245d541279d13f3c2f362,0
0x36d6d46009bdf4876dd93356ea58094bc04f5e50,0
0x42cd625c89017f31fc70568e53a3e49c71e09e18,0
0x4e23295e50fd5bfa814ed779af4a2a48d7a736cb,0
0x389097e1196398c2b99cec7342189ace81ef5458,0
0x152a408179a9a64c5fe3561912ef514c2920b4b3,0
0x2b7240df6c1d0ede4e66f3d927f87faa1a53e110,0
0xd2e313996cd988e6d08ab3711c686723b73c01b2,0
0x0f3b1faa9b14b5d71b94a9b0e0a99b261ff44268,0
0xa270f3ad1a7a82e6a3157f12a900f1e25bc4fbfd,0
0x51880438d89e3bc2ecde5fd26465a9ec256567eb,0
0xf052eebfb561409e2cd5a170b2dfa2ff36c13b66,0
0x44590aee14a45493326c09cf20e8302d59687d48,1
0x60b547c3b1bafec6da37879d6745920cb4901a45,0
0xd13ce4e0963f58f9c6c3800c25e4e3cdefd5c665,0
0xee5552c37ad8c2a0c1dac56f0deac30a9d17741c,0
0xc171d45355bd1fa14186b6bc570ecd016ac04662,0
0x2e39a07d0e3a5f8afeaeddbdb9641a3ac9598337,0
0x4cf89d14efae7955d50b3d3222cce1338c3cf69f,0
0x09d57f361f794d150c04443a7b6e369120dc2bea,0
0x67ffa1caad86683287aebce662d407ea81fb5e5b,0
0xd269a951494369ef28dd7950fbd3be09cbd26fc0,0
0xdec7ccf7f5d941d1550efc18e331b2f7d0341011,0
0x574dacdb462494ddb1eb27a5c431e9e53653c4e2,0
0x8aff3f9d282d17d8eff0baad66d3135fc2df3ccc,0
0x95648a2d1adf340ee30286f33a7d239d93a708b9,0
0x65d482d39161aceec0b8cf8340f1e6c7ec04eee6,0
0x81e715aed24a4cd0f7d7f81f4b43e4748bcd188d,0
0xa4d94df86b2d3c5ecd7ab86721beedda47b77f81,0
0xade00c28244d5ce17d72e40330b1c318cd12b7c3,0
0x5f65f7b609678448494de4c87521cdf6cef1e932,0
0xc59d3807706ba1f058c95db877dd35fb71fe8e20,0
0x738d6869087758421e52d2b6740d821d8aa833e6,0
0x707930cd32b365856185b9aa0cf6d7c2ec69f3a9,0
0x1645787ddcb380932130f0d8c22e6bf53a38e725,0
0x3f3f04793951d8578be4e9d7b76159be243061ff,0
0x7ecc2eef0f5cb7e8ec8da865afd1527d804d615e,0
0x14a9134b3febfdbfb6357dfad8b65e5c5383e7bd,0
0x08e996f3882efdb734503f984bed2bbb9c2d96a8,0
0xd300e0037f7a7e94aca02dfcd46c4b52bd00edbd,0
0x98c3d3183c4b8a650614ad179a1a98be0a8d6b8e,0
0x498b859d2e59958e209d7dd262324c8d31b12b12,0
0x1d1e21922622d0932328230d415597f46dcfda06,0
0x81facc69908d9c1188280fbb2793567de39f8f9b,0
0x1a8ed0d3ad42c9019cc141aace7e5fb6e576b917,0
0xff39581feb0039ad81a819e61e3d01b543987db8,0
0xc9bcb705d148d310ae4f8273c596f9382d7cfba0,0
0xcb3e68f9a0a71f3726dbf624f32605c5428e5baf,0
0xb03dcc23041daca79935027a12ad5a2656aadb17,0
0x240d50da1559cbf70bb42a942ac28e3f08b32a0a,0
0xbc03d12a4ca7ea2b524995ef6567eb50c7bee357,0
0x9e53894756141368a8957a471289d1431aea9445,0
0x112200eaa6d57120c86b8b51a8b6049d56b82211,0
0xa5f9f0052d9ece51ffd9565b72617aa1ec891e27,0
0xfdbaa5eee7cdf45eec3a71a672065a67191fda7a,0
0x4fd2b9bb9eb7c0cf8fa978f356f4f6fa709ade5c,0
0x3272cef5c269d8b67356d85a9f9d43a1e826099b,0
0x1a6723a2c92ffae7a76a104351df8a2bfa643b75,0
0xd3db326eb5a6abd58221356779af64dc2c73331c,0
0x268a1954618930d2186712fa4b27c1c0def10459,0
0x960ad17d6c2a63fa0edb0fe2034ade5463305b33,0
0xb4b0ea46fe0e9e8eab4afb765b527739f2718671,0
0x2f2ce90ad6bb34d616d2fe705e4b3a720d44bf77,0
0xdaf2b8a03fbafc06593865dcadd03954ef66c4d7,0
0x2eedbc3b55b87abdff38b24566095ca8f77fa45b,0
0xb3d1e780c510e2c041c06638776e7ecb1c068b1c,0
0xa82d5a598e93670795418345d8eb1a84cb755b53,0
0x6b2809cbce8ec655caddd4a62558aca3887de875,0
0x9031a6230a5303e3bfe90aeb751a8b3a1b67e8f7,0
0x012556f150f1c84096667e1c823259cd2813ccda,0
0x3399eff96d4b6bae8a56f4852eb55736c9c2b041,0
0x7e8f93eb51bd620997208da9ff98a0f746a88a72,0
0x596566931cb193af1d4dae337ce8ae2cd99ffa86,0
0xb52a3094a6dc9a36c372c751ce596a84e46b95e7,0
0xfa181903284684e577df2c4e276d3214b80e3c2f,0
0x2ad5a918cfec97b019cc38b5634bb390455336e1,0
0xdecaa12ac0656dddf129ee03cdd16b120b0d9113,0
0x7b18393c5b1593b0e6b844920f20d3e38ffe71c5,0
0x47a366519eaf385804a404697eb8d5cb1fd55d8b,0
0xf984b7f2b8da831ac1186429aa20308bc0fc3ec4,0
0x0b38210ea11411557c13457d4da7dc6ea731b88a,0
0x83115db66faf3100c2afd3b92f0914130a86aaf1,0
0x66666717590b87c9ac7c8ed9c6459099dc809a51,0
0xb620f9a0564f339fce8a901b02511b0f6479ee3e,0
0xb4f2b27ed1193f9550fb5528b29a9a2a17a9907c,0
0x3bdb1ca590e5333e0fa16e72f44e7085f20c5376,0
0x09a2403518f7d65182b8817e780c8108ba634734,0
0xe13ece504c2589272661c86a2888cc77a8620e8f,0
0x4b6fec887078a822d28ae11d8d214fa0bdfc5b4a,0
0xe4fa3ac2a61accd766507392278f1f21e209f404,0
0x1759ebd720c0dfe7ade0776ae3689ea3c25d6e0c,0
0xef615aa81671b96c8978826ffa328ce9a8061383,0
0x47c658b1dd43fa98149650a25b238bd42b9d811a,0
0x7f367f5a470f7ad05c181df0edf566b8eeb51b28,0
0xe704aa191d52db10f59af5d2ad83df690d449100,0
0xdf7bbd5330326b315bc02036dd2d7f0f16e59021,0
0xda9af6c30803c09718fead2ed9d3ecba55162af6,0
0x17f54e91f33678ad9cb103b80198695e06661a84,0
0x4dbd4fc535ac27206064b68ffcf827b0a60bab3f,0
0xc0c3dc6061ab2d22e0d605106e9c2dd9e67853c5,0
0xb4bc038053707d14171e16640b09e7e5526fc1bb,0
0x18b73ed60b606a37023c008a5797db9749c6e73f,0
0x4412ec2e8d1cbac59fb88ed6c8a9edb6a1e38ab8,0
0xdac014554d68818e02aadcb70e200692993b4fe9,0
0xa8c62111e4652b07110a0fc81816303c42632f64,0
0x307f14de23e011e7837fbbdf196e07a34f408681,0
0x787b8840100d9baadd7463f4a73b5ba73b00c6ca,0
0xe731a8ba6a91b20ce51b9ce91d07257d2594c978,0
0x1de4cae40719f672570cc96dc5bc6649820c5bd7,0
0x2d3a03da0b5b8a7f2da32077b1154fadfddb09bd,0
0x5285a172c1420dfd284a403e3ea343e7a20f5cba,0
0x55dc1426b11d0a0b498db1ca9c33ad58c15f9e92,0
0xebaba1d649be1e293a8a9e37b0f59f166b025d1f,0
0xfc4913214444af5c715cc9f7b52655e788a569ed,0
0xe90522012a097524fb645991e049d448e78ce070,0
0x951e1b175d851544f2702980382587454f39ef9f,0
0xdbf046ebe8aefa68e3a7189c529a4210227f0bcc,0
0xc88f7666330b4b511358b7742dc2a3234710e7b1,0
0x4b45c5a4f2c1fe25251eec6ac88a8fe4db654285,0
0x8a79060398f71a678e701420248bbcfe2aa5ab38,0
0x1111111254fb6c44bac0bed2854e76f90643097d,0
0xef1c6e67703c7bd7107eed8303fbe6ec2554bf6b,0
0x03bb32b5d00d30a17741130803213fda492c9412,0
0x00005ea00ac477b1030ce78506496e8c2de24bf5,0
0x2f6bfa995c7a92ab74712c891157b59bb5fd3858,0
0xb77d6a06553d9e686ad89f6cf5ecfbd47a137563,0
0xac6f08b923a0631a4f436bf3afd29c38349093cc,0
0x3ed8cb05364e0aa5be525bcf3e24b03ecd1be572,0
0x0b2821876c5562d30f3ac9c76a6356b1e4fb2704,0
0x95a9bd206ae52c4ba8eecfc93d18eacdd41c88cc,0
0xa4afe6606f79d2c31698383513f61f8ce706a6bd,0
0x7786eb1220bf6c1101f0793356e5f520256d7fcc,0
0x10a2dfb788a57587e6dead219fb2829b8ead9d7b,0
0xd8a775bc41db9f1c5972265f0aa9a1aba4738236,0
0x935f64b44b5c48a1539c4ada5161d27ace4205b5,0
0x726ed601603c010d0c4efe1b289aa30f76b4087f,0
0x15330363ceb2bfbd3affabfab221657ec343345f,0
0x9a534628b4062e123ce7ee2222ec20b86e16ca8f,0
0x474a6faf2178982be06028f0e1256af98910d9be,0
0x55fe002aeff02f77364de339a1292923a15844b8,0
0x218628ffff8820fb364158bf0ef1ea6f270b84b9,0
0x369b18b1d5e903d410de11e24130741a6d7e7019,0
0x3506424f91fd33084466f402d5d97f05f8e3b4af,0
0xb4fedd8521a4b9737c1c41bcecefd32d7c186d18,0
0x23450ea5cfb99bd0f5c1bc8b9c68617cd2bfacdc,0
0xf408bee3443d0397e2c1cde588fb060ac657006f,0
0x40db74d6489342ab05e369b08a567dfa35138bdd,0
0x7e1292111ba01110b8ee3dbc1ffd1a9811c06d87,0
0x8967ba97f39334c9e6f8e34b8a3d7556306af568,0
0x9093a936d646913a91e53d1fc906f581dea84f68,0
0x298e49b606ba360d5183372cb36ff9968c7bf5a9,0
0x0ca85b489a1276ef7042f1d032d0ef3831eaf4ca,0
0x7623e9dc0da6ff821ddb9ebaba794054e078f8c4,0
0x6acdf8301a50ccd97ee82378099fa5f1d7b29b1c,0
0x707dfce6f419d72c3c4ed771fbdf63ab71686bc9,0
0xb287eac48ab21c5fb1d3723830d60b4c797555b0,0
0x97b9d2102a9a65a26e1ee82d59e42d1b73b68689,0
0xa01dc4a2916966ca3fba13d4ed235009303ea923,0
0xd8d6ffe342210057bf4dcc31da28d006f253cef0,0
0x3faed9c2ccc53709bafc5d9807098321325a1432,0
0xc4f8627e7cda9941de35a95ee345c5ce119870af,0
0x74f2a8c6f166502d05c6c4428aa3b23cbf66b25a,0
0x3674a21ca7d14582ffea8e4d72044a1d451dfdd6,0
0xac8288f2fb1bfc7f963cad7ae848bc49a34175e8,0
0x6632a9d63e142f17a668064d41a21193b49b41a0,0
0xd275908035011e5020e7044015790ae166045fea,0
0xbf2499e4cda11eb33eea341ae425d85b6e93f028,0
0x18e65749c2b7b519bba24fe83de19674072fa52d,0
0xc9ec550bea1c64d779124b23a26292cc223327b6,0
0x3283617e774a15f72035d32cb2af527f144e3e95,0
0x89fd69fb01792c6127ec440509f491a6c364150f,0
0xaa858863e9fc5abe037c6f6533f42649844b5a72,0
0x34c2871c3d539c473e40a09158bdff522202e2d5,0
0x8e839afc6cec4a27eb864af05f69080c60943e4a,0
0x63ebc3cb5b4d5f494a2e78b998278184c08f8638,0
0x6319bf1522b45952961ab19f81d25dfcc3ddc9b2,0
0x883730051462fe8a8af0180355ffcd2b1f41cca7,0
0xd5a5b5f1ce5585ec270b566c4ccce320ec0ad55c,0
0x9d71ce49ab8a0e6d2a1e7bfb89374c9392fd6804,0
0xea9bbacbc57edf75e9082746c37e1efd46dd0dd8,0
0xbd7c18d7b18b9daa4e77855690a7bb2c6a546f02,0
0x9933ba11fc5af074a628dea5ab1fefe700d82b51,0
0x9fac8e4ef27679640fb8cf69cb799961ba259c0f,0
0x3d84c57fe30f9f0b8151c4221fee321d61811a02,0
0x617aed1ac0a270848151fa22723ff79acbf587c1,0
0x30ea0795bbb06522964e3ce6aea6c48d562cabd2,0
0x9039968db85b42d133831009efe5759018bece14,0
0xe41d2489571d322189246dafa5ebde1f4699f498,0
0x7830c87c02e56aff27fa8ab1241711331fa86f43,0
0x2da0cb916b8a67a6e9e2e23e7af91b5328e390f9,0
0xb2a821ef648c7f65cba4241d233637d477b88aab,0
0xc44cdef46bc9ddaacdea3400ae8eeb63e833e254,0
0x5929b6b5fb2345948b9cf08771bd436f8777f869,0
0xbc07a0e022d8bc13735327f6078125b65e1f624b,0
0x4bddb80dc8cbad055b4435afcd2345f7e1c183c2,0
0xb1b9c3c62d7264745c32de16a1625e7417ab4e61,0
0x68b3465833fb72a70ecdf485e0e4c7bd8665fc45,0
0x0defdef79a2924557ad5e5765a753f932bb7e1ec,0
0xb6cc4482e815e18be77b673746a9fccbe2a23039,0
0x1cf8f8d7acfeec4302788ce39dd6e350b280f651,0
0xaeb79cf6aa81bd82f4236913bd71df297c8f06ee,0
0x8216874887415e2650d12d53ff53516f04a74fd7,0
0x323b35f900a767647ae2f20d1b62ed05a9b6d03e,0
0xdd53a86f16c69ee0ac4179a605671d6d2a757441,0
0x09894e761ae501e8c0103af7af3e5d5d3c569f8f,0
0x3ca04ebaccef982f5f8526f1d9fa418578fcc675,0
0x6887246668a3b87f54deb3b94ba47a6f63f32985,0
0x88f6f6e3f83df3ff5bc6daa6d8d83e6d4e7626e3,0
0x6c5f166739b57755ffbcf86b44af45dcd3516c3d,0
0xb9d3c3bf147e85ca2e575414bacbfccadd544ca5,0
0xd4c68828ba392beca6d3f33fdba37a23674d7788,0
0x428b53abef1d8cce6123c17ad5935b7d690f5553,0
0xb88f95eeb93395c5aa98e35180cb51c5be1917b1,0
0xd5fbda4c79f38920159fe5f22df9655fde292d47,0
0x4e9c7a0a7b1d32cd698e3d41ae2d2e35754bc2b4,0
0x8c8d7c46219d9205f056f28fee5950ad564d7465,0
0x3ba376d0a65503defb6549167eaae3282194527d,0
0x44495b8ce2726f666b0eb5bcc7947f7b73beaffb,0
0x7c46e0404d6b1e92b4c5a1ae6b3dd0e1dc62b17f,0
0xc4595e3966e0ce6e3c46854647611940a09448d3,0
0x503828976d22510aad0201ac7ec88293211d23da,0
0x4d9136adc455a7bcf7475ea41108226c10ccb4c2,0
0x8bceaa96ca68cd325305b46f887fa433700c7c04,0
0x5a09df86284764d07676831c5570fde8e826dead,0
0xa88800cd213da5ae406ce248380802bd53b47647,0
0x15228e31edf5ec27eb8f4432d89daff0cd30919c,0
0x6cb04cbc38dc054ba663fa5856b704354f7912ea,0
0xae15b5f1f00382cf968fb5ca394f97fecca75214,0
0x8640f4a9bb1015e7d2f593b62e8736c77c36090c,0
0xc299e99ff8f28835bc147e530163262b1040f1c4,0
0x13cca52282f654fae31ef8a84e3f0856c530b42b,0
0x9ea3cda5c2adf0370454b9ee28786a068227b1a4,0
0xbe0c826f17680d8da620855be89dd6544c034ca1,0
0x9e3ef83728a399d6f5f757e3fa04f4850bbfb5f0,0
0xe683ad8bfda47c65e6da06628bee620fe7cddf44,0
0xf2375b4b440a9e8293a02dcd26a40c7cf94b6f93,0
0x31e9b3373f2ad5d964cad0fd01332d6550cbbde6,0
0x4df5fcd5370d9bb639ffd8ed122033fd8a888a5e,0
0x963737c550e70ffe4d59464542a28604edb2ef9a,0
0x7f7754db631d30e544ea07c4cae41b84e347da5c,0
0xbe21cdb80c1c5113b7c67f94db9ab3acc53902a5,0
0x56e0f35ebf4bf260b30efb41fa950281bb6c7861,0
0x8caaafe4bef0f8b62abcf47e622a68f9018079ca,0
0x15ece0d7de25436bcfcf3d62a9085ddc7838aee9,0
0x9f1777e11acb782b2b7307f7e4bd59874a230e7e,0
0xb66d3b8e1410391f0bb158353b09611277fa7f6e,0
0x60af1a6008f160a881e8784cc6f9e117147138ba,0
0x3f3b3efa14afed99926b2240c8a1fb5a1d81c067,0
0xaa5518401ea87725504ad945415bf125fe6814db,0
0xae81722d38a390334a88ca6ec36d6c270f2798e5,0
0x13bbaaae61c47e21f45d6daaac397c14b0370867,0
0x993864e43caa7f7f12953ad6feb1d1ca635b875f,0
0x933f7f3ba30c6d0ffa221e92e3ee2d9c70d9942c,0
0x8d7523ab01e19ecc1e08faa31ce92b240814e41c,0
0x7ee981653794a04b4befdd7c68488398bc21464e,0
0xc944a297dd88c967775f806489fdb58c2527f451,0
0xb2e7f7cf519020c8b6ff32a088fec95b03ccc715,0
0x27315f5f282c31fbade4ae952d2631c05cd3a26f,0
0xbebc6055cdf65bc9479070d105990714f3ca4de4,0
0x234dc36b8700df435454aa3f557b1991ce4a626c,0
0xe9b8dad781ce7638f59d2ae23464604221945fca,0
0x088224cef00b88123c899f249f97f168ceff4c0b,0
0xb2e9ba413b8c7b967d8c8f878c10fa5bae695df7,0
0xa4066809936d11b04250b2a4108ec387159c86aa,0
0xda56926f46840fa248b6694f0c869fc1451dc579,0
0xc92b2d2dfd0083aaa38ff07d543e2b3a937edcd4,0
0xef0b56692f78a44cf4034b07f80204757c31bcc9,0
0x1fc371da4b8e5c41360adea126d3d9c319404444,0
0x1758855b5da5a727a8dabf645f6f8f77930a8a9e,0
0x68f188dd0991f192ddbd5a749965ee0fff052400,0
0x2bd938cf96430b7b0879f76b010b589aeec2127c,0
0x25f8087ead173b73d6e8b84329989a8eea16cf73,0
0x1f2cb34a216036647edcc605f2ca1ec2ab201652,0
0xd496dd6d54ec811cb6a06b2e60218f036df117c3,0
0x91816e7ac4b709c1c4008f572a3a6fe430e784ee,0
0x921efcd5a2d72cc962ded4016ab9d28fc73f05b2,0
0xbd4ffe2200bf57cebb4272b5f46c997eb320b473,0
0xa1e0a43dc9e152e10d3a7024fe90bb898004c44d,0
0x73a84449cc993e9669cf5181c5ec4978a5145c70,0
0xe205bdef6aca7bb147d80bc06dfb313bc3f3a687,0
0x01bdc5806242cdb14a63dd6f598a090bb039dbae,0
0x2cac916b2a963bf162f076c0a8a4a8200bcfbfb4,0
0xdaa064aebdf40b53b2e074499bbac4f851d1e306,0
0x77696bb39917c91a0c3908d577d5e322095425ca,0
0xc6e5d62ed1cfccae80c4d4b203feea7263a535c2,0
0x2c3a5415639003e1bfd6a158be79d6e578dfe87e,0
0xdb28f6d4b5bfa32e9f1a852c15b5e476ee730c6d,0
0x8c450740ab4d97f3e510d2af109506815937515d,0
0xd95fade582d0f01214057bb276cd78a9f38fa1c8,0
0x7a250d5630b4cf539739df2c5dacb4c659f2488d,0
0x57c0131954c6f5c4b00b05699c47a982b6718b2f,0
0x34b4b1979536319779bd285be7de642d288408bd,0
0xa232dd885940e404b46894ea3449175d55dcfef0,0
0x56eddb7aa87536c09ccc2793473599fd21a8b17f,0
0xdce04a4295dd38704cfc9532f77be07b44327674,0
0x71fd772b7ccc6683f84d1e0681c0631add9f5e9b,0
0xa71d0588eaf47f12b13cf8ec750430d21df04974,0
0x4870525eae23fceb31df613d179ef6275e1b93a9,0
0x9c609d05d3397046b6d6a3793e35f013424a1d3a,0
0x67c138dcbde34988306fff0bb2710e46c1b4a229,0
0x9723b6d608d4841eb4ab131687a5d4764eb30138,0
0xb75f09b4340aeb85cd5f2dd87d31751edc11ed39,0
0x7001ed82e82f2b09003b45c2bbc5e07b519d9534,0
0x43130861b5d233dd4398bb8f2863d4024d64318e,0
0xc865db8148de5c1a6f61910f968a3cedb1f71a63,0
0xa81dfac26cdc53b730409d7b47e185168a11c2a4,0
0x24ea9695b28b0d90e9af0d2ffc10655812390016,0
0x4783eddded17f5851f5ae143e1593954b7bd758f,0
0x87bf91b27ad1041db250c006356f46eed0d915fd,0
0x8a20d52714fc629c3e7a4ad7346137dbcc014955,0
0x5d699bd8243d7209655a2ce982217b13871c9ffb,0
0xf4237802780280c8ebcf67d723d62d63add96f26,0
0xa0c721bfda221070168c0b8edbdb9bc83f6e6b18,0
0x653ab39baf156f92fb99d4d806a82df9cb5286b2,0
0x9a62aa30a68b4bdeb6dd646d3ed316602ffe2321,0
0xc242aed6dc6f84e1b3b6b406e6091a9f671e44bd,0
0x12600698a3be0dba0ba9bcbfc46cb7ea154aadfa,0
0x6b387a23d539164583adc2e48e05459b332c6a2b,0
0xa667b9a85bae7313a1907389f42d5e5551adffd5,0
0x30c4828e28d3e0c9794a7e23a0a85d509d104d3d,0
0x9acbb72cf67103a30333a32cd203459c6a9c3311,0
0x4d224452801aced8b2f0aebe155379bb5d594381,0
0x2e3ecaeeec7d9c5f88148dae8ac136895b7920fd,0
0x75e89d5979e4f6fba9f97c104c2f0afb3f1dcb88,0
0xcc709f55d1696588ac92ceb9a2cc8e53920ff063,0
0x46d7d373d2e537ec3c52561f246f64843c25b04a,0
0x337029c58824abf8b59c0d05fe7f0d33fedddce8,0
0x320623b8e4ff03373931769a31fc52a4e78b5d70,0
0x19635538b2b1a3a69edf310fce2ca14750681936,0
0x7371f0a8797227eef1278279d31e4f84db17493a,0
0xfde2ecb5521b8222fe106f5e9d1ab27b822f7f43,0
0x5fe925e096244a56b373787514c5f553e5ca8f3d,0
0x9531b33e8b67c1016912223a8fff183a51cc383e,0
0xbbbbca6a901c926f240b89eacb641d8aec7aeafd,0
0x2f3a9adc5301600cd9205ef7657cf0733ff71d04,0
0xb422e78e8cb06647f3b541ee2e7800aa986f6210,0
0x495f947276749ce646f68ac8c248420045cb7b5e,0
0x21e95dc10159da24e35198cd74ca37e9085a5050,0
0x9960fb9b43e79a3784d829676db2a48d725fd948,0
0xe8104ff7be3fb25229fb9ae50303dea168e51ce3,0
0xc3ae71fe59f5133ba180cbbd76536a70dec23d40,0
0x177a8340bddc2041cc362aabf543dee4e394e3e3,0
0x61ab3d3637f27573bc5409f219cba6841e7bd18c,0
0x561fd39ba6f59d993171faa62c23b04549a540b7,0
0x0f5d2fb29fb7d3cfee444a200298f468908cc942,0
0xb7ce3bebd21226e714ae3a7c44810207b383f964,0
0xa8ac9c0403d8a31cfc1bf43e09231c0ffaf52dd7,0
0xeda174818b4ef8e3749b5e5235141fe370f4821b,0
0xb0ba33566bd35bcb80738810b2868dc1ddd1f0e9,0
0xbd5fb504d4482ef4366dfa0c0edfb85ed50a9bbb,0
0x53dda0a69992b87e51f0f14b1337281f09a2c8da,0
0x243a1cb6389db23835f06963b9048066456ca4c0,0
0x07c47201676050a55871cced0d02fb363c327a94,0
0xa2c324ec1787e19b9933d7cb778642eb90e035d5,0
0x7f8923813f35068bb728117160fb79ef97ce7a14,0
0x1cc9cf5586522c6f483e84a19c3c2b0b6d027bf0,0
0x0000000000a39bb272e79075ade125fd351887ac,0
0xd99bc45c6ba1db551f001e36d171f7e595041400,0
0xdef1c0ded9bec7f1a1670819833240f027b25eff,0
0xd0d947aa5613f2af1f40c15f840e97f8e222b604,0
0x170ff879349558bb4b1123525e7921ac053a6e78,0
0x48c04ed5691981c42154c6167398f95e8f38a7ff,0
0xfb26e83e8f8ae76a9932dd3b4b96321d8ed37621,0
0x3d42c019f0555d9df4d08c3fb0bf94f54af77b7d,0
0xd368c24c7c509c0f601f4e5a0fd0dfe377974a8e,0
0x3ab28ecedea6cdb6feed398e93ae8c7b316b1182,0
0x7b2c79924fdd4f52c9cb48ac2009a9ab0fc3b1c7,0
0x293d0446a3aafaae440a8944c6768873b06e4c24,0
0xf84ffbd8fcc7888fc52a9e0ff016ff6e44ef73ae,0
0x17df54dc52be9f1d6182ca5cc9c50e4ce95bda86,0
0xafd09e94aa26156242ddd3708ad2d311d328d502,0
0x30f4df1d9a56e8498c1bdd8af46676a8ab19ecf7,0
0x2590230723375f584e1d5583534354a9c4d77820,0
0x648eca4c6c2b4f3f1f8118ce08a0d87a1ecc3813,0
0x7c8ba80b36cf407f5fef7afe5294624d6be92cb7,0
0xbff4d4f82e2aa032a1ef35f7e648503789113609,0
0x270d79bcb99f7b9131d4390ab3d989ba695afe87,0
0xe596d529fe92325551b947ec1f34d8a601fbb389,0
0xcbfb6d3a4310699a019f3c3b232f48e06f295978,0
0x860a63abf3dcf36f0e922660418e22e91e4d15a4,0
0x675d8c720e7e62075af23a1c5771053dec22c176,0
0x97126ceebebd4f9afe80c0a62d90392788e03607,0
0x4499740a3455ccf9d9651830fe98e1584c9ad88b,0
0x232765be70a5f0b49e2d72eee9765813894c1fc4,0
0xe057c9ac1961299e596ef1aba90d7d63b3af03af,0
0xdc8898ecc16676e191300ea5efddbcaa459b79a9,0
0xef9f560e3ca0c19dfffa3965de9dc5cf99357362,0
0xda44ad90fe5065828ab01d0c5bcd351f50886d9d,0
0x6b38760b9a756679fc47568ea749e8d4abe6029b,0
0x24534869e2ef8d1a424f8fcb64e8768279d59dc2,0
0x43b603d4cdaed3dfa30855c9e354e300094a0a2d,0
0x90697c268d9619cac787c16a35e6ddf98f1389ae,0
0xc8037158654f1821aa85974eac78fd9fa319be62,0
0x67380848642c1c40634fad0a16afa7aa5906080f,0
0x5b7533812759b45c2b44c19e320ba2cd2681b542,0
0x2c256ec98c4be01a626b207a1f8e84cace80f881,0
0xc5e1d4ce51f05edd23096be39e4ea2d140e0f507,0
0x80c67432656d59144ceff962e8faf8926599bcf8,0
0x06ea9920a5010ad814fb838f059beb0967e676e5,0
0x997ad64ce789e6ef578cc2a1446f46d5f8dbac97,0
0xd57e678c6cfc19b01490075915c1c8efb3189650,0
0xba3bf0e4d8617b1baa23232bb627956a103ce03c,0
0x65a92e44d58ed6e4049e157f1d99bee98bf595f7,0
0xc6c7565644ea1893ad29182f7b6961aab7edfed0,0
0xfbb1b73c4f0bda4f67dca266ce6ef42f520fbb98,0
0x4122e49006e6ad16889d92ea87f725dc4539b896,0
0x249b61fd7a7502c1887e4dcb5b04f585a5f90673,0
0xff3092ef6bf19018ae5f44e3abaa873071408fef,0
0x409eaf2a7d88aee1b291205cfe9c5556e8b2b6b9,0
0xd533a949740bb3306d119cc777fa900ba034cd52,0
0x6b17141d06d70b50aa4e8c263c0b4ba598c4b8a0,0
0x8ac51e249fda255c25d7be97889100596f79c842,0
0x3b59a023d74aceca4b10b134fd218f887fa0ec1b,0
0x1f68053cd925d467852cfecf78bd836f33f0e4a1,0
0xdb264502bb1af1b465a137fcb90f9108aafa5954,0
0xa3dfb3cf6029c7aa459b8845472071199dd5fa58,0
0x5dd267114e1cde2559c500637e0bcf976237b8d4,0
0xbb81b09c99a2b29d2c52060dc8dcae544c9e3cd9,0
0x5b1070f458349d3a887a1dec3f6d500b6044131c,0
0xb6e988082667003533cad71dca9832875e5cab98,0
0xb9b84587eeb787cc621c518b0c24ca9b118be56d,0
0x3845badade8e6dff049820680d1f14bd3903a5d0,0
0xcbf854eff3499b56deda35e059e35dfc5e3cbbae,0
0x7e53108b87d29cb21f7ac041a8cb435bd750951b,0
0x8bbc4f6ac83c8f3a3072eb91f687205faa42dbb3,0
0x0f11b24a2c1ec8aec6aea8b5db679cf02cde24c7,0
0x33051927dffcf857f475204d7bc62d1ed993d44f,0
0x528beeeb87fa44fb5babfe7445de491237140a06,0
0xbeafe887b8bd061d6a0bdaf8dfbffdbff040df35,0
0xdc10e9539c7b4e25b3d3135200ccd78b77aac550,0
0x9a3c4b474730023c6a9b28d4dfc097c182e8ccf6,0
0x9008d19f58aabd9ed0d60971565aa8510560ab41,0
0xa2cd3d43c775978a96bdbf12d733d5a1ed94fb18,0
0x4ef45ea052eeab1631dca09d28946fe8e17633b5,0
0x3573070478e3dcdcd4c5623b4d247b05d85ef1a9,0
0xc9f77e99e83d93ed1e7e07cb431e56f10ad1458c,0
0x0b9e0be8cf299f04952c6313ed81af813f6e1361,0
0x54843bb3ed915ce29934cbbaa35db7ef529c722c,0
0x4f074d566b1fc0cdedd3195d8ca4afbe1d93c52c,0
0x4955c2375a99512c49c71abf7b226ce7359e12e9,0
0xd6cc46c403466783cd8d13fd99d9d3b4431f57c9,0
0x0d8775f648430679a709e98d2b0cb6250d2887ef,0
0xf8efd62b7f6e397a387a7fb232a54fe8f59c6b2a,0
0x4686e08d96f8a5f00df5a8b01683cb7516a0d8b9,0
0x828f4ea197a6eb0994ed180a0d58f7ea41be442f,0
0xb45a2dda996c32e93b8c47098e90ed0e7ab18e39,0
0x90cfdd67eda41660f5a3e961352c53959af04396,0
0xa914604c82bfbebdd261cc08e72b35ac29259d8b,0
0x9165e30af9dfee02f8fea03443c1d349168f363e,0
0x9b2dfb8862e3f398b73206c879a1f38136f22908,0
0x164a0cbf3f44f87c2f40b7508b60a2f7c94256cc,0
0x96ff0e11323f5bb936d2b15868a08ca86d2e6570,0
0xede3e8577988d09bb155466985f182c1cd53f6e8,0
0x4e9ffcd52420e5aa5c30eec73146a67781989d04,0
0x151b381058f91cf871e7ea1ee83c45326f61e96d,0
0x0517fbd65ec030ea7da9ac8783a4ff7dab7d6021,0
0x768da26146cbb01940b68f2bf527329b92b36f2e,0
0xd26114cd6ee289accf82350c8d8487fedb8a0c07,0
0xac593bc61fedf1c9ef4cb21c2246619e3fd11cef,0
0xbf69647a58454180af18f35c129417b17722ba3c,0
0xdafea492d9c6733ae3d56b7ed1adb60692c98bc5,0
0xf2e803e1b770948cfc969134ec9bbe0ce0dc91d1,0
0xe6ae635f9f2bf597da4094d014f5fa553a2f0c9a,0
0x69f9f08481a7e9c7b6b1fba5e90f9cb6b4d81d93,0
0x69af81e73a73b40adf4f3d4223cd9b1ece623074,0
0xb47cfcf8181d36117142b83d31bbbf63b1b250fe,0
0x7bec98609cb6378d6f995e8f8097ee78376fbec9,0
0xd0cf83744db1fdee8a0fafe913391befb85190aa,0
0xb7a18b6e3a5c4b50d8ef0061ba703859f5858a03,0
0x4b73da0c79b8a478d4a074a24a8940086ef9c6c0,0
0x03acbb4a15156660566210a2eeb45f4c0653757f,0
0x3358fd5b08ca9337c7f89b3c53a676fb2c97d1f7,0
0xeee27662c2b8eba3cd936a23f039f3189633e4c8,0
0x256db4611a61d20ed99710f606032b4a94458d2f,0
0xf9b21283e12d1eb15b6b97b2d88d50d5f9cac583,0
0xf49ad67398f9d723d2901560b7e1168bcdb36f88,0
0x8888d873a390dda2ef88051c8ba175663502eea5,0
0xf0d3df39148172405673345d838ad21b0992d8aa,0
0xda4e35cf7e48f57fd337b983d96362a6458c5849,0
0x8bce609e0a2538965dc48f8fa85fb610fb78e096,0
0xb2b2aa928571ebc750dde8f1aa869044513f16fd,0
0xe21d837cd1437305632ac1660a94c64b1ecd3151,0
0x7dd9c5cba05e151c895fde1cf355c9a1d5da6429,0
0xd1b68763c7170b963ac6ca6b1c2ea25796a18a17,0
